{
    	"serverSide": true,
    	"ajax": {
        	"url": "json_itens.php?tabela=",
        	"type": "GET",
        	"dataSrc": "dados"
    	},
    	"columns": [
        { "data": "id" },
        { "data": "ativo" },
        { "data": "nome" }],"dom": "Bfrtip",
        "language": {
            "url": "dataTable/pt-br.json"
        },
        "pageLength": 100,
        "lengthMenu": [
            [ 25, 50, 100, 200, -1 ],
            [ "25", "50", "100", "200", "Tudo" ]
           
        ],
        "buttons": [
            {
                "extend": "excelHtml5",
                "exportOptions": {
                    "columns": 0
                }
            },
            {
                "extend": "pdfHtml5",
                "exportOptions": {
                    "columns": 0
                }
            },
            {
                "extend": "colvis",
                "text": "Colunas"
            },
            {
                "extend": "pageLength",
                "text": " # "
            }
        ]
    }